x,y
1464.750,945.000
1346.625,986.344
1291.500,1004.062
1575.000,1021.781
1512.000,1027.688
1409.625,1057.219
1543.500,1063.125
1685.250,1080.844
1811.250,1080.844
1890.000,1092.656
1409.625,1104.469
1575.000,1098.562
1874.250,1134.000
2378.250,1139.906
2212.875,1145.812
2464.875,1145.812
2575.125,1193.062
2291.625,1222.594
2764.125,1216.688
1291.500,1234.406
1354.500,1234.406
2354.625,1240.312
2472.750,1258.031
1417.500,1269.844
1252.125,1311.188
1330.875,1317.094
1496.250,1311.188
1669.500,1328.906
2723.174,1215.236
1850.295,1113.313
1264.891,1251.824
1246.597,1275.344
1351.133,1275.344
1327.613,1293.638
1408.628,1304.092
